-- =============================================================================
-- AiPromptHub — 最终种子数据（DML）
-- 依赖：已执行 tables.sql。含分类、标签、管理员（id=1）、100 条 Prompt 及 prompt_tag。
-- =============================================================================

USE `ai_prompt_hub`;

INSERT INTO `category` (`id`, `name`, `description`, `parent_id`, `sort`)
VALUES
  (1, 'AIGC大类', '人工智能生成内容总类', -1, 0),
  (2, '文本生成', '对话、摘要、翻译、写作等文本类 AIGC', 1, 10),
  (3, '图像生成', '文生图、图生图、修图等', 1, 20),
  (4, '音频生成', '语音合成、音乐生成等', 1, 30),
  (5, '视频生成', '文生视频、剪辑辅助等', 1, 40),
  (6, '代码生成', '代码补全、解释、重构等', 1, 50)
ON DUPLICATE KEY UPDATE
  `name` = VALUES(`name`),
  `description` = VALUES(`description`),
  `parent_id` = VALUES(`parent_id`),
  `sort` = VALUES(`sort`),
  `deleted` = 0;

-- 三级分类：各二级类下的代表性模型/产品名（仅写 category 表，name 全局唯一）
-- 命名参考各厂商公开产品线（OpenAI / Anthropic / Google / 开源与垂直场景等）
INSERT INTO `category` (`id`, `name`, `description`, `parent_id`, `sort`)
VALUES
  (7, 'GPT-5.4', 'OpenAI 旗舰：对话、长文与工具调用（2026 公开路线）', 2, 10),
  (8, 'Claude Opus 4.6', 'Anthropic 旗舰：长上下文写作与复杂推理', 2, 20),
  (9, 'Gemini 2.5 Pro', 'Google：多模态与超长上下文文本任务', 2, 30),
  (10, 'DeepSeek-V3', 'DeepSeek：中文与代码混合场景文本生成', 2, 40),
  (11, 'Qwen3-Max', '阿里通义：中文写作与知识问答', 2, 50),
  (12, 'DALL·E 3', 'OpenAI 文生图与指令遵循', 3, 10),
  (13, 'Midjourney V7', 'Midjourney 高质量艺术与风格化图像', 3, 20),
  (14, 'Stable Diffusion 3.5', 'Stability AI 开源可控文生图管线', 3, 30),
  (15, 'Flux.1 Pro', 'Black Forest Labs 高细节文生图', 3, 40),
  (16, 'Imagen 3', 'Google 写实与产品图方向', 3, 50),
  (17, 'ElevenLabs Turbo v3', '多语种神经语音合成（TTS）', 4, 10),
  (18, 'Suno v4', 'AI 歌曲与编曲生成', 4, 20),
  (19, 'Udio', '人声与音乐生成创作', 4, 30),
  (20, 'AudioCraft 2', 'Meta 音频生成工具链（音乐/音效）', 4, 40),
  (21, 'Bark v2', 'Suno 系多语言语音合成与音效', 4, 50),
  (22, 'Sora 2', 'OpenAI 文生视频与镜头语言', 5, 10),
  (23, 'Runway Gen-4', 'Runway 视频生成与编辑工作流', 5, 20),
  (24, 'Kling 2.1', '可灵：中文短视频与镜头运动', 5, 30),
  (25, 'Luma Ray3', 'Luma Dream Machine 系列文生视频', 5, 40),
  (26, 'Pika 2.0', 'Pika：短视频与风格化生成', 5, 50),
  (27, 'GPT-5.4-Codex', 'OpenAI 代码智能体与仓库级任务（对标 Codex 产品线）', 6, 10),
  (28, 'Claude Sonnet 4.5 Dev', 'Anthropic：终端与 SWE 向代码任务', 6, 20),
  (29, 'Gemini 2.5 Code Assist', 'Google：IDE 与 Cloud 代码助手向能力', 6, 30),
  (30, 'DeepSeek-Coder-V2', 'DeepSeek 代码补全与仓库理解', 6, 40),
  (31, 'GitHub Copilot Agent', 'GitHub：编辑器与 Agent 式编码工作流', 6, 50)
ON DUPLICATE KEY UPDATE
  `name` = VALUES(`name`),
  `description` = VALUES(`description`),
  `parent_id` = VALUES(`parent_id`),
  `sort` = VALUES(`sort`),
  `deleted` = 0;

INSERT INTO `tag` (`id`, `name`)
VALUES
  (1, '写作'),
  (2, '编程'),
  (3, '总结'),
  (4, '翻译'),
  (5, '面试')
ON DUPLICATE KEY UPDATE
  `name` = VALUES(`name`),
  `deleted` = 0;

INSERT INTO `user` (`id`, `username`, `email`, `password`, `role`, `status`)
VALUES (1, 'superadmin', 'superadmin@local.aiprompthub.com', '$2a$10$XXrwTkA9ZTrDoigTXF4g.ezX0Di8hu/T7bRdJyADi7qav9a8xWfjW', 'super_admin', 'active')
ON DUPLICATE KEY UPDATE
  `password` = VALUES(`password`),
  `role` = VALUES(`role`),
  `status` = VALUES(`status`),
  `deleted` = 0;

-- -----------------------------------------------------------------------------
-- 100 条演示 Prompt（id 1–100，user_id=1，category_id 在 7–31 间轮询）
-- -----------------------------------------------------------------------------

INSERT INTO `prompt` (`id`, `title`, `summary`, `image`, `content`, `usage_scenario`, `user_id`, `category_id`, `like_count`, `favorite_count`, `comment_count`, `status`, `deleted`) VALUES
(1, '周报生成器（成果导向）', '根据要点清单输出结构化周报，突出成果与风险。', 'https://picsum.photos/seed/aiphub-1/800/500', '你是职场写作助手。用户将提供本周要点（项目、数据、阻塞项）。请输出：本周完成 / 数据亮点 / 风险与依赖 / 下周计划，语气专业简洁，总字数 300–500 字。\n\n用户要点：\n{{points}}', '周报、站会纪要', 1, 7, 0, 0, 0, 'published', 0),
(2, 'OKR 对齐检查', '检验目标与关键结果是否可衡量、可落地。', 'https://picsum.photos/seed/aiphub-2/800/500', '请评审下列 OKR，指出：是否符合 SMART、KR 与 O 是否对齐、缺失的衡量方式、改写建议。\n\n{{okr_text}}', '目标管理', 1, 8, 0, 0, 0, 'published', 0),
(3, '客户异议应对话术', '针对常见反对意见生成共情+事实+下一步的话术。', 'https://picsum.photos/seed/aiphub-3/800/500', '产品：{{product}}\n客户异议：{{objection}}\n请给出：共情句、事实/价值点、一个澄清问题、建议下一步（演示/试用/报价）。语气真诚不夸大。', '销售与客户成功', 1, 9, 0, 0, 0, 'published', 0),
(4, '会议纪要（决策追踪版）', '从速记提取决议、行动项与负责人。', 'https://picsum.photos/seed/aiphub-4/800/500', '将下列会议速记整理为：议题列表、已决议事项、待决事项、行动项（负责人@截止时间）、需同步的干系人。\n\n{{notes}}', '项目会议', 1, 10, 0, 0, 0, 'published', 0),
(5, '邮件：催办但不伤关系', '温和催促对方交付或回复。', 'https://picsum.photos/seed/aiphub-5/800/500', '背景：{{context}}\n对方身份：{{role}}\n请写一封中文商务邮件：先致谢或肯定，再说明截止时间影响，最后给两个可选时间点，整体礼貌坚定。', '跨部门协作', 1, 11, 0, 0, 0, 'published', 0),
(6, '岗位 JD 优化', '把口语化招聘需求改成清晰 JD。', 'https://picsum.photos/seed/aiphub-6/800/500', '请将下列草稿改为标准岗位描述：岗位职责（条列）、任职要求（必须/加分）、薪资福利表述建议（不写具体数字时可留占位）、排除歧义用语。\n\n{{draft_jd}}', '招聘', 1, 12, 0, 0, 0, 'published', 0),
(7, '绩效自评段落', '用 STAR 简述年度贡献。', 'https://picsum.photos/seed/aiphub-7/800/500', '岗位：{{role}}\n年度重点：{{focus}}\n量化结果（如有）：{{metrics}}\n请写 200–350 字绩效自评，突出影响与协作，避免空话。', '年终评估', 1, 13, 0, 0, 0, 'published', 0),
(8, '竞品简报一页纸', '压缩多份信息为单页决策摘要。', 'https://picsum.photos/seed/aiphub-8/800/500', '请将下列杂乱信息整理为「一页纸」：定位、目标用户、定价区间、核心功能对比、优劣势、我方应对策略（3 条）。\n\n{{raw_info}}', '战略与产品', 1, 14, 0, 0, 0, 'published', 0),
(9, '商务谈判底线清单', '列出可让步与不可让步条款。', 'https://picsum.photos/seed/aiphub-9/800/500', '合作类型：{{deal_type}}\n我方目标：{{goals}}\n已知对方诉求：{{their_asks}}\n请输出：谈判目标优先级、可交换筹码、底线条款、破裂预案要点。', '合同谈判准备', 1, 15, 0, 0, 0, 'published', 0),
(10, '新员工首日指引大纲', '生成入职第一天 Checklist。', 'https://picsum.photos/seed/aiphub-10/800/500', '岗位：{{role}}\n团队规模：{{team_size}}\n请生成：上午/下午时间安排、需访问的系统清单、必读文档、第一周学习目标、可提问联系人占位。', '人力资源与入职', 1, 16, 0, 0, 0, 'published', 0),
(11, 'TypeScript 类型收窄审查', '找出 any/unknown 滥用与不安全断言。', 'https://picsum.photos/seed/aiphub-11/800/500', '请审查下列 TypeScript 代码：标出不安全的 `as`、缺失的判别联合、可改为泛型的地方，并给出改写片段。\n\n```ts\n{{code}}\n```', '代码质量', 1, 17, 0, 0, 0, 'published', 0),
(12, 'React 性能排查清单', '从渲染次数与依赖入手给优化建议。', 'https://picsum.photos/seed/aiphub-12/800/500', '组件场景：{{scenario}}\n代码：\n```tsx\n{{code}}\n```\n请列出：可能的无意义重渲染原因、useMemo/useCallback 是否必要、可拆分的子组件、列表虚拟化是否值得。', '前端性能', 1, 18, 0, 0, 0, 'published', 0),
(13, 'SQL 慢查询改写', '在保留语义前提下给索引与改写建议。', 'https://picsum.photos/seed/aiphub-13/800/500', '数据库：MySQL 8。慢查询与表结构如下：\n{{sql_and_schema}}\n请解释可能瓶颈、建议索引（含最左前缀说明）、等价改写 SQL。', '数据库', 1, 19, 0, 0, 0, 'published', 0),
(14, 'REST API 幂等设计说明', '为写操作设计幂等键与响应约定。', 'https://picsum.photos/seed/aiphub-14/800/500', '资源：{{resource}}\n操作：{{action}}\n请说明：幂等键放哪（Header/Body）、重复请求行为、错误码建议、客户端重试策略。', '后端 API 设计', 1, 20, 0, 0, 0, 'published', 0),
(15, 'Git 分支策略说明（团队版）', '为中小团队写简明 Git Flow 说明。', 'https://picsum.photos/seed/aiphub-15/800/500', '团队人数：{{n}}\n发布频率：{{freq}}\n请写：主分支含义、feature 分支命名、PR 规则、hotfix 流程、tag 与 changelog 建议。', '工程规范', 1, 21, 0, 0, 0, 'published', 0),
(16, '单元测试用例生成（Jest）', '根据函数签名与边界条件生成测试骨架。', 'https://picsum.photos/seed/aiphub-16/800/500', '请为下列函数生成 Jest 测试：覆盖正常、边界、异常输入，必要时 mock 依赖。\n\n```js\n{{code}}\n```', '测试', 1, 22, 0, 0, 0, 'published', 0),
(17, 'Dockerfile 多阶段构建优化', '减小镜像体积并提升构建缓存命中。', 'https://picsum.photos/seed/aiphub-17/800/500', '当前 Dockerfile：\n```dockerfile\n{{dockerfile}}\n```\n请给出多阶段版本说明：每阶段目的、COPY 顺序、非 root 运行建议。', '容器化', 1, 23, 0, 0, 0, 'published', 0),
(18, 'Kubernetes Deployment 健康检查', '补全 liveness/readiness 探针草案。', 'https://picsum.photos/seed/aiphub-18/800/500', '应用类型：{{app_type}}\n端口：{{port}}\n请写 Deployment 片段：探针类型选择理由、初始延迟与超时建议、常见误判排查。', '云原生', 1, 24, 0, 0, 0, 'published', 0),
(19, 'OpenAPI 片段补全', '从路由草稿生成 YAML 片段。', 'https://picsum.photos/seed/aiphub-19/800/500', '路径：{{path}}\n方法：{{method}}\n字段说明：{{fields}}\n请输出 OpenAPI 3.0 的 paths 下该端点片段（含 requestBody、responses 示例）。', 'API 文档', 1, 25, 0, 0, 0, 'published', 0),
(20, '正则：日志解析', '从样例行生成解析正则与命名捕获组。', 'https://picsum.photos/seed/aiphub-20/800/500', '日志样例（多行）：\n{{samples}}\n请给：正则表达式、各字段含义、在 Python 或 JS 中的示例代码。', '运维与脚本', 1, 26, 0, 0, 0, 'published', 0),
(21, '代码 smell 命名重构建议', '识别含糊变量名并给替换方案。', 'https://picsum.photos/seed/aiphub-21/800/500', '代码：\n```\n{{code}}\n```\n请列出：含糊或误导的标识符、建议新名称、若需拆函数则说明理由。', '重构', 1, 27, 0, 0, 0, 'published', 0),
(22, '安全：依赖漏洞响应模板', '按 CVSS 级别给出沟通与修复节奏。', 'https://picsum.photos/seed/aiphub-22/800/500', '包名：{{pkg}}\n影响版本：{{ver}}\n简述：{{desc}}\n请写：对内公告模板、修复 PR 检查项、是否需要强制升级时间表建议。', '供应链安全', 1, 28, 0, 0, 0, 'published', 0),
(23, 'Feature Flag 发布策略', '描述灰度与回滚开关用法。', 'https://picsum.photos/seed/aiphub-23/800/500', '功能：{{feature}}\n用户分群：{{segments}}\n请写：flag 命名约定、默认状态、灰度步骤、监控指标、回滚操作说明（给非开发也可懂）。', '持续交付', 1, 29, 0, 0, 0, 'published', 0),
(24, '错误码体系设计（业务层）', '统一 code/message/HTTP 映射草案。', 'https://picsum.photos/seed/aiphub-24/800/500', '领域：{{domain}}\n请给：错误码分段规则、示例 10 个（鉴权、校验、资源不存在、冲突、限流）、与 HTTP 状态码映射表说明。', '后端规范', 1, 30, 0, 0, 0, 'published', 0),
(25, '前端可访问性快速审计', '对 JSX 片段给出 a11y 问题与修复。', 'https://picsum.photos/seed/aiphub-25/800/500', '组件代码：\n```tsx\n{{code}}\n```\n请检查：语义标签、键盘可达、aria 属性、对比度风险（定性），并给修改示例。', '无障碍', 1, 31, 0, 0, 0, 'published', 0),
(26, 'GraphQL N+1 解释与 DataLoader 草图', '说明 resolver 层批量加载思路。', 'https://picsum.photos/seed/aiphub-26/800/500', '场景：{{scenario}}\nschema 片段：\n{{schema}}\n请解释 N+1 如何发生，并给 DataLoader 伪代码与缓存键设计要点。', 'GraphQL', 1, 7, 0, 0, 0, 'published', 0),
(27, 'WebSocket 重连与心跳文案', '给前后端协定的协议说明。', 'https://picsum.photos/seed/aiphub-27/800/500', '业务：{{biz}}\n请写：心跳间隔建议、重连退避、消息 id 去重、断线提示 UX 文案（中文）。', '实时通信', 1, 8, 0, 0, 0, 'published', 0),
(28, '微服务 Saga 补偿步骤表', '从业务流程抽象补偿动作。', 'https://picsum.photos/seed/aiphub-28/800/500', '流程：{{flow}}\n请列出：本地事务步骤、对应补偿动作、幂等要求、失败告警分级。', '分布式事务', 1, 9, 0, 0, 0, 'published', 0),
(29, '中英术语对齐表', '为产品界面术语生成中英对照与禁用译法。', 'https://picsum.photos/seed/aiphub-29/800/500', '领域：{{domain}}\n术语：{{terms}}\n请输出表格：中文、推荐英文、禁用译法/易混词、备注。', '本地化', 1, 10, 0, 0, 0, 'published', 0),
(30, '技术博客大纲（系列第 N 篇）', '从主题生成章节目录与读者收获。', 'https://picsum.photos/seed/aiphub-30/800/500', '系列主题：{{series}}\n本篇焦点：{{focus}}\n读者水平：{{level}}\n请给：标题候选 3 个、章节大纲、每节关键论点、结尾 CTA。', '技术写作', 1, 11, 0, 0, 0, 'published', 0),
(31, '新闻稿倒金字塔改写', '把材料改写成媒体通稿格式。', 'https://picsum.photos/seed/aiphub-31/800/500', '事实材料：\n{{facts}}\n请写 400–600 字新闻稿：首段 5W1H、引用占位、公司 boilerplate 占位、联系方式占位。', '公关', 1, 12, 0, 0, 0, 'published', 0),
(32, '小说人物小传（500 字）', '从关键词生成人物动机与缺陷。', 'https://picsum.photos/seed/aiphub-32/800/500', '类型：{{genre}}\n关键词：{{keywords}}\n请写人物小传：外貌一笔带过、核心欲望、致命缺陷、与主题的关系，避免陈词滥调。', '创意写作', 1, 13, 0, 0, 0, 'published', 0),
(33, '古诗今译（保留意象）', '把古诗译为现代汉语散文。', 'https://picsum.photos/seed/aiphub-33/800/500', '原诗：\n{{poem}}\n请今译：保留意象与节奏感，附 2 句简要赏析。', '文学', 1, 14, 0, 0, 0, 'published', 0),
(34, '短视频口播：15 秒钩子', '前 3 秒留人+中间价值+结尾关注。', 'https://picsum.photos/seed/aiphub-34/800/500', '主题：{{topic}}\n受众：{{audience}}\n请写约 15 秒口播（字数标注），含：钩子、一个具体点、关注引导。', '自媒体', 1, 15, 0, 0, 0, 'published', 0),
(35, '产品更新公告（用户向）', '把内部改动译成用户能懂的好处。', 'https://picsum.photos/seed/aiphub-35/800/500', '改动列表：\n{{changelog}}\n请写公告：标题、用户收益导向的条目、已知问题、致谢占位。', '产品运营', 1, 16, 0, 0, 0, 'published', 0),
(36, '邮件英文：道歉与补救', '服务故障后的客户沟通。', 'https://picsum.photos/seed/aiphub-36/800/500', '事件：{{incident}}\n影响：{{impact}}\n补救：{{remedy}}\n请写英文邮件：道歉、事实、时间表、补偿占位、联系方式。', '客户支持', 1, 17, 0, 0, 0, 'published', 0),
(37, '议论文提纲（高考风格）', '给定题目生成论点与论据方向。', 'https://picsum.photos/seed/aiphub-37/800/500', '题目：{{topic}}\n请给：中心论点、分论点 3 个、每段可用论据类型、反面论证思路、结尾升华句。', '教育', 1, 18, 0, 0, 0, 'published', 0),
(38, '品牌 Slogan 头脑风暴', '10 条短句+适用场景说明。', 'https://picsum.photos/seed/aiphub-38/800/500', '品牌：{{brand}}\n调性：{{tone}}\n目标用户：{{user}}\n请输出 10 条 slogan（4–12 字为主），每条一句适用场景或限制说明。', '市场营销', 1, 19, 0, 0, 0, 'published', 0),
(39, '剧本对白润色（口语自然）', '减少说明性台词，增强潜台词。', 'https://picsum.photos/seed/aiphub-39/800/500', '人物关系：{{relation}}\n场景：{{scene}}\n草稿对白：\n{{dialogue}}\n请润色：保留情节节点，让对白更口语、更有冲突张力。', '影视与广播', 1, 20, 0, 0, 0, 'published', 0),
(40, '学术论文摘要结构化', '按背景/方法/结果/结论四段。', 'https://picsum.photos/seed/aiphub-40/800/500', '论文要点：\n{{bullets}}\n请写 250 字内中文摘要，学术语气，不夸大，关键词 5 个。', '科研', 1, 21, 0, 0, 0, 'published', 0),
(41, '多语礼貌程度对照', '同一句请求在日/英/中的礼貌策略。', 'https://picsum.photos/seed/aiphub-41/800/500', '意图：{{intent}}\n场景：{{context}}\n请给：日语（敬语简版）、英语、中文正式版各一，并注语用差异。', '跨文化沟通', 1, 22, 0, 0, 0, 'published', 0),
(42, '儿童科普解释（8–10 岁）', '把概念讲成故事或比喻。', 'https://picsum.photos/seed/aiphub-42/800/500', '概念：{{concept}}\n请用 150–250 字、无专业术语堆砌，可加一个生活比喻，结尾一个趣味问题。', '教育科普', 1, 23, 0, 0, 0, 'published', 0),
(43, '费曼讲解：一章笔记', '用简单语言复述章节核心。', 'https://picsum.photos/seed/aiphub-43/800/500', '章节内容摘要：\n{{summary}}\n请用费曼技巧：核心概念一句话、类比、一个常见误解、自测问题 3 个。', '自学', 1, 24, 0, 0, 0, 'published', 0),
(44, '错题归因与再练计划', '分析错因并给同类题策略。', 'https://picsum.photos/seed/aiphub-44/800/500', '科目：{{subject}}\n题目：{{question}}\n学生错解：{{wrong}}\n请分析：知识漏洞/审题/计算/概念混淆，再给 3 道递进练习方向（不出具体题可出考查点）。', 'K12 与考研', 1, 25, 0, 0, 0, 'published', 0),
(45, '概念对比表（适合背诵）', '两个易混概念多维对比。', 'https://picsum.photos/seed/aiphub-45/800/500', '概念 A：{{a}}\n概念 B：{{b}}\n请输出 Markdown 表：定义、关键差异、典型例子、记忆口诀。', '备考', 1, 26, 0, 0, 0, 'published', 0),
(46, '文献阅读笔记模板', '结构化记录论文要点。', 'https://picsum.photos/seed/aiphub-46/800/500', '论文信息：{{bib}}\n请按模板输出：研究问题、方法、数据、结论、局限、你可复用的启发（3 条）。', '研究生', 1, 27, 0, 0, 0, 'published', 0),
(47, '英语口语：情景对话演练', '机场/酒店/会议场景常用句。', 'https://picsum.photos/seed/aiphub-47/800/500', '场景：{{scene}}\n请给：10 句高频表达（中英）、2 个小对话、常见听辨易混点。', '语言学习', 1, 28, 0, 0, 0, 'published', 0),
(48, '编程课题分步实验手册', '把项目拆成可验证的小步。', 'https://picsum.photos/seed/aiphub-48/800/500', '课题：{{topic}}\n语言：{{lang}}\n请写：目标、环境、步骤（每步验收标准）、扩展挑战。', '计算机教学', 1, 29, 0, 0, 0, 'published', 0),
(49, '记忆卡片（Anki 风格）', '把知识点拆成问答对。', 'https://picsum.photos/seed/aiphub-49/800/500', '材料：\n{{material}}\n请生成 12 张卡片：正面短问、背面短答，避免过长。', '记忆', 1, 30, 0, 0, 0, 'published', 0),
(50, '家长沟通：成绩下滑谈话提纲', '合作解决问题的沟通结构。', 'https://picsum.photos/seed/aiphub-50/800/500', '年级：{{grade}}\n现象：{{issue}}\n请给：开场共情、事实描述、倾听问题清单、合作计划框架、结束积极句。', '教育沟通', 1, 31, 0, 0, 0, 'published', 0),
(51, '职业访谈问题清单', '用于学长/从业者访谈的 15 问。', 'https://picsum.photos/seed/aiphub-51/800/500', '目标行业：{{industry}}\n请列：背景、日常、能力、路径、薪资敏感问法替代、结束致谢。', '职业规划', 1, 7, 0, 0, 0, 'published', 0),
(52, '实验报告「讨论」段落', '基于数据写误差与改进。', 'https://picsum.photos/seed/aiphub-52/800/500', '实验目的：{{aim}}\n数据摘要：{{data}}\n请写讨论：与理论偏差可能原因、系统误差来源、改进实验设计 2 条。', '理工科实验', 1, 8, 0, 0, 0, 'published', 0),
(53, 'SDXL 写实人像（棚拍光）', '英文提示词+负面提示+参数建议。', 'https://picsum.photos/seed/aiphub-53/800/500', '你是文生图提示词工程师。需求：棚拍人像、柔光、85mm、浅景深。\n请输出：英文正向 prompt、negative prompt、建议 steps/cfg 范围说明（文字即可）。', 'Stable Diffusion', 1, 9, 0, 0, 0, 'published', 0),
(54, 'Midjourney 场景：赛博城市夜景', '强调霓虹与雨反射。', 'https://picsum.photos/seed/aiphub-54/800/500', '请写一段 Midjourney v6 英文 prompt：赛博朋克城市小巷、雨夜地面反射、霓虹招牌、电影感构图，附 --ar 与 --s 建议说明。', 'Midjourney', 1, 10, 0, 0, 0, 'published', 0),
(55, '产品白底图（电商）', '干净无阴影或微阴影可控。', 'https://picsum.photos/seed/aiphub-55/800/500', '产品：{{product}}\n请写英文 prompt：纯白背景、居中、商业摄影、细节清晰、可选微阴影版本各一。', '电商视觉', 1, 11, 0, 0, 0, 'published', 0),
(56, 'Logo 草图转提示词', '从形容词到矢量感关键词。', 'https://picsum.photos/seed/aiphub-56/800/500', '品牌调性：{{vibe}}\n行业：{{industry}}\n请给：抽象几何 logo 提示词（英文）、避免具象插画的关键词、配色词。', '品牌设计', 1, 12, 0, 0, 0, 'published', 0),
(57, '二次元立绘（全身）', '角色设定+服装分层描述。', 'https://picsum.photos/seed/aiphub-57/800/500', '角色设定：\n{{char}}\n请写英文 anime 风格 prompt：分层描述发型/眼/服装/姿态，附负面词（多余手指等）。', '角色设计', 1, 13, 0, 0, 0, 'published', 0),
(58, '建筑可视化外景', '现代主义+黄金时刻。', 'https://picsum.photos/seed/aiphub-58/800/500', '建筑类型：{{arch}}\n环境：{{env}}\n请写英文 prompt：黄金时刻光线、玻璃反射、前景植被、8k architectural visualization。', '建筑渲染', 1, 14, 0, 0, 0, 'published', 0),
(59, '美食摄影（俯拍）', '强调质感与蒸汽。', 'https://picsum.photos/seed/aiphub-59/800/500', '菜品：{{dish}}\n请写英文 prompt：俯拍、木质桌面、蒸汽、浅景深、食欲感，附 negative。', '餐饮内容', 1, 15, 0, 0, 0, 'published', 0),
(60, '水墨山水意境', '传统构图+留白。', 'https://picsum.photos/seed/aiphub-60/800/500', '请写中文或中英混合 prompt：水墨山水、留白、远山层叠、孤舟点景，说明适合文生图模型时的注意点。', '国风图像', 1, 16, 0, 0, 0, 'published', 0),
(61, '科幻载具设计', '硬核机械细节关键词。', 'https://picsum.photos/seed/aiphub-61/800/500', '载具类型：{{vehicle}}\n请写英文 prompt：hard surface、greeble、工业细节、磨损贴图、电影级光照。', '概念设计', 1, 17, 0, 0, 0, 'published', 0),
(62, '室内家居北欧风', '自然光与木材质感。', 'https://picsum.photos/seed/aiphub-62/800/500', '房间：{{room}}\n请写英文 prompt：北欧风、橡木地板、白墙、自然窗光、室内建筑摄影构图。', '室内设计', 1, 18, 0, 0, 0, 'published', 0),
(63, '像素艺术精灵图', '限制色板与分辨率提示。', 'https://picsum.photos/seed/aiphub-63/800/500', '角色：{{sprite}}\n请写英文 prompt：pixel art、limited palette、idle animation pose、transparent background 说明。', '游戏美术', 1, 19, 0, 0, 0, 'published', 0),
(64, '时尚街拍（胶片感）', '柯达金与颗粒。', 'https://picsum.photos/seed/aiphub-64/800/500', '城市：{{city}}\n请写英文 prompt：street fashion、Kodak Portra 颗粒、35mm、自然抓拍、逆光轮廓。', '摄影风格', 1, 20, 0, 0, 0, 'published', 0),
(65, '微距昆虫摄影', '露珠与复眼细节。', 'https://picsum.photos/seed/aiphub-65/800/500', '主体：{{insect}}\n请写英文 prompt：macro、露珠、复眼细节、浅景深、自然光，附 negative（过度锐化）。', '自然微距', 1, 21, 0, 0, 0, 'published', 0),
(66, '恐怖氛围场景（无血腥）', '心理恐怖与光影。', 'https://picsum.photos/seed/aiphub-66/800/500', '场景：{{place}}\n请写英文 prompt：心理恐怖、雾、剪影、低饱和、避免血腥与露骨描述，强调暗示。', '氛围概念', 1, 22, 0, 0, 0, 'published', 0),
(67, '等距 3D 小房间', '可爱低多边形。', 'https://picsum.photos/seed/aiphub-67/800/500', '主题：{{theme}}\n请写英文 prompt：isometric、low poly、cute、cozy room、soft shadow、blender style。', '插画与图标', 1, 23, 0, 0, 0, 'published', 0),
(68, '油画静物（伦勃朗光）', '古典明暗对照。', 'https://picsum.photos/seed/aiphub-68/800/500', '静物：{{objects}}\n请写英文 prompt：oil painting、Rembrandt lighting、chiaroscuro、画布纹理。', '艺术风格迁移', 1, 24, 0, 0, 0, 'published', 0),
(69, '播客单集大纲（45 分钟）', '片头、章节、片尾与赞助口播占位。', 'https://picsum.photos/seed/aiphub-69/800/500', '主题：{{topic}}\n听众：{{audience}}\n请给：片头 30s 要点、4 个章节（每段时长与讨论问题）、片尾 CTA、赞助口播 15s 占位。', '播客', 1, 25, 0, 0, 0, 'published', 0),
(70, '纪录片解说词片段', '克制、画面感、不夸大。', 'https://picsum.photos/seed/aiphub-70/800/500', '题材：{{subject}}\n画面描述：{{visual}}\n请写 200 字解说词，第三人称，避免断言无来源数据。', '影视文案', 1, 26, 0, 0, 0, 'published', 0),
(71, '分镜表（10 镜头）', '景别、时长、画面与对白列。', 'https://picsum.photos/seed/aiphub-71/800/500', '故事梗概：{{logline}}\n请输出 10 个镜头的 Markdown 表：镜号、景别、时长(秒)、画面、声音/对白。', '短视频拍摄', 1, 27, 0, 0, 0, 'published', 0),
(72, 'TVC 15 秒结构', '问题-共鸣-产品-口号。', 'https://picsum.photos/seed/aiphub-72/800/500', '产品：{{product}}\n卖点：{{usp}}\n请写每段秒数分配与画外音要点（中文），总长约 15 秒。', '广告', 1, 28, 0, 0, 0, 'published', 0),
(73, '游戏任务对白（NPC）', '任务发布与完成反馈。', 'https://picsum.photos/seed/aiphub-73/800/500', '世界观：{{world}}\nNPC 身份：{{npc}}\n任务：{{quest}}\n请写：接任务对白、进行中提示、完成反馈各一段，口语化。', '游戏叙事', 1, 29, 0, 0, 0, 'published', 0),
(74, '有声书章节导语', '承上启下不剧透。', 'https://picsum.photos/seed/aiphub-74/800/500', '书名：{{book}}\n上章结尾氛围：{{prev}}\n本章标题：{{chapter}}\n请写 80–120 字导语，适合朗读。', '有声书', 1, 30, 0, 0, 0, 'published', 0),
(75, '配乐情绪 brief', '给作曲/ Suno 的风格说明。', 'https://picsum.photos/seed/aiphub-75/800/500', '场景：{{scene}}\n情绪曲线：{{arc}}\n请写 brief：节奏(BPM 区间)、配器建议、参考风格（不写具体侵权曲目）、避免元素。', '音乐创作', 1, 31, 0, 0, 0, 'published', 0),
(76, '字幕时间轴校对清单', '可读性与文化词处理。', 'https://picsum.photos/seed/aiphub-76/800/500', '视频类型：{{type}}\n请列：单行字数、每秒字数上限建议、人名翻译策略、梗的本土化注意。', '字幕', 1, 7, 0, 0, 0, 'published', 0),
(77, '直播话术（带货）', '开场、逼单、答疑节奏。', 'https://picsum.photos/seed/aiphub-77/800/500', '品类：{{cat}}\n价格锚点：{{price_note}}\n请写：开场 3 分钟结构、产品讲解顺序、逼单话术框架（不夸大功效）、答疑收尾。', '直播', 1, 8, 0, 0, 0, 'published', 0),
(78, '课程宣传片 30 秒旁白', '痛点-承诺-大纲-行动。', 'https://picsum.photos/seed/aiphub-78/800/500', '课程：{{course}}\n学员：{{who}}\n请写旁白，标注约秒数分段。', '在线教育', 1, 9, 0, 0, 0, 'published', 0),
(79, 'ASMR 脚本（轻柔）', '触发音与节奏提示。', 'https://picsum.photos/seed/aiphub-79/800/500', '主题：{{theme}}\n请写脚本大纲：环境白噪音、触发类型、节奏（慢）、禁用突然大声，附免责声明占位。', '音频内容', 1, 10, 0, 0, 0, 'published', 0),
(80, '预告片文案（电影感）', '悬念句与节奏词。', 'https://picsum.photos/seed/aiphub-80/800/500', '片名占位：{{title}}\n类型：{{genre}}\n请写：30 秒预告文案（中文），短句为主，标注音乐起伏提示词。', '预告片', 1, 11, 0, 0, 0, 'published', 0),
(81, '指标异动解读模板', '从环比/同比出发列假设。', 'https://picsum.photos/seed/aiphub-81/800/500', '指标：{{metric}}\n数据：{{numbers}}\n请列：可能外因/内因假设、验证所需维度、下一步取数建议（不写具体 SQL）。', '数据分析', 1, 12, 0, 0, 0, 'published', 0),
(82, 'A/B 实验结论草稿', '显著性说明与行动建议。', 'https://picsum.photos/seed/aiphub-82/800/500', '假设：{{hypothesis}}\n结果摘要：{{result}}\n请写：是否支持假设（措辞谨慎）、业务建议、后续实验想法。', '增长', 1, 13, 0, 0, 0, 'published', 0),
(83, '问卷设计审查', '减少引导性与双管问题。', 'https://picsum.photos/seed/aiphub-83/800/500', '草稿题目：\n{{questions}}\n请标出问题：引导性、双重问题、选项互斥不全、量表一致性，并给改写。', '用户研究', 1, 14, 0, 0, 0, 'published', 0),
(84, '数据字典业务口径说明', '把字段翻译成业务语言。', 'https://picsum.photos/seed/aiphub-84/800/500', '表：{{table}}\n字段：{{fields}}\n请为每个字段写：业务含义、计算口径、空值含义、示例。', '数据治理', 1, 15, 0, 0, 0, 'published', 0),
(85, '可视化图表选型', '按分析目的推荐图表类型。', 'https://picsum.photos/seed/aiphub-85/800/500', '目的：{{goal}}\n数据形态：{{shape}}\n请推荐：图表类型、坐标建议、易错点、替代方案。', 'BI', 1, 16, 0, 0, 0, 'published', 0),
(86, '行业报告段落扩写', '在数据骨架上加背景叙述。', 'https://picsum.photos/seed/aiphub-86/800/500', '要点：\n{{bullets}}\n请写成连贯两段：行业背景+数据解读，语气中性，不虚构来源。', '咨询与研究', 1, 17, 0, 0, 0, 'published', 0),
(87, '预测模型结果解释（给业务）', '避免术语堆砌。', 'https://picsum.photos/seed/aiphub-87/800/500', '模型：{{model}}\n关键特征：{{features}}\n请用非技术语言解释：模型在做什么、主要驱动因素、局限与误用风险。', '机器学习落地', 1, 18, 0, 0, 0, 'published', 0),
(88, 'SQL 窗口函数教学小抄', 'rank vs row_number 等对照。', 'https://picsum.photos/seed/aiphub-88/800/500', '请用中文+示例说明：ROW_NUMBER、RANK、DENSE_RANK、SUM() OVER 的典型场景与坑。', '数据工程自学', 1, 19, 0, 0, 0, 'published', 0),
(89, '埋点需求表字段建议', '事件名与属性规范。', 'https://picsum.photos/seed/aiphub-89/800/500', '场景：{{scene}}\n请列：建议事件名（蛇形）、公共属性、业务属性、采样与隐私注意。', '产品分析', 1, 20, 0, 0, 0, 'published', 0),
(90, '因果推断观察性研究 checklist', '混淆与选择偏差的口头提醒。', 'https://picsum.photos/seed/aiphub-90/800/500', '研究问题：{{q}}\n请列：可能混淆因子、识别策略方向（不展开公式）、敏感性分析建议。', '量化研究', 1, 21, 0, 0, 0, 'published', 0),
(91, '用户故事拆分（INVEST）', '把史诗拆成可交付故事。', 'https://picsum.photos/seed/aiphub-91/800/500', '史诗：{{epic}}\n请输出 5–8 条用户故事：角色-目标-收益，并标注依赖与粗略规模（S/M/L）。', '敏捷开发', 1, 22, 0, 0, 0, 'published', 0),
(92, '可用性测试任务脚本', '中立引导、观察点、成功标准。', 'https://picsum.photos/seed/aiphub-92/800/500', '产品：{{product}}\n目标：{{goal}}\n请写：开场白、3 个任务（步骤中立）、观察记录维度、后访谈问题。', 'UX 研究', 1, 23, 0, 0, 0, 'published', 0),
(93, '空状态文案+插图 brief', '引导首次用户。', 'https://picsum.photos/seed/aiphub-93/800/500', '场景：{{empty_case}}\n请写：标题、说明、主按钮、次要链接；另给插图 brief（情绪、元素、避免）。', '界面文案', 1, 24, 0, 0, 0, 'published', 0),
(94, '设计系统命名规范建议', '颜色与间距 token。', 'https://picsum.photos/seed/aiphub-94/800/500', '品牌主色：{{brand}}\n请建议：语义色命名（success/warning）、间距刻度、组件前缀规则。', '设计系统', 1, 25, 0, 0, 0, 'published', 0),
(95, '竞品截图走查记录表', '信息架构与交互对比。', 'https://picsum.photos/seed/aiphub-95/800/500', '请给 Markdown 模板列：页面、目标用户任务、竞品 A/B 完成路径、差异点、可借鉴点、风险点。', '竞品分析', 1, 26, 0, 0, 0, 'published', 0),
(96, 'Push 通知文案 A/B 两版', '控制字数与行动导向。', 'https://picsum.photos/seed/aiphub-96/800/500', '场景：{{push_scene}}\n请写两版标题+正文（各不超规定字数），并说明假设与风险（打扰）。', '增长与留存', 1, 27, 0, 0, 0, 'published', 0),
(97, '表单字段删减评审', '减少摩擦与隐私最小化。', 'https://picsum.photos/seed/aiphub-97/800/500', '当前字段：\n{{fields}}\n请标：可删/可延后/必须、每字段收集理由、替代方案（分步表单等）。', '转化优化', 1, 28, 0, 0, 0, 'published', 0),
(98, '服务蓝图高层步骤', '前台/后台/支持系统。', 'https://picsum.photos/seed/aiphub-98/800/500', '服务：{{service}}\n请列：用户步骤、前台触点、后台动作、系统、痛点与机会点（表格）。', '服务设计', 1, 29, 0, 0, 0, 'published', 0),
(99, 'PRD 风险与范围段落', '范围外声明与依赖。', 'https://picsum.photos/seed/aiphub-99/800/500', '需求摘要：{{req}}\n请写：范围说明、不在本期、技术依赖、数据与合规风险占位。', '产品文档', 1, 30, 0, 0, 0, 'published', 0),
(100, '无障碍验收用例（WCAG 思路）', '键盘与读屏关键路径。', 'https://picsum.photos/seed/aiphub-100/800/500', '核心流程：{{flow}}\n请列：键盘可达检查点、焦点顺序、错误提示形式、对比度检查提醒（定性）。', '无障碍工程', 1, 31, 0, 0, 0, 'published', 0)
ON DUPLICATE KEY UPDATE
  `title` = VALUES(`title`), `summary` = VALUES(`summary`), `image` = VALUES(`image`), `content` = VALUES(`content`), `usage_scenario` = VALUES(`usage_scenario`), `category_id` = VALUES(`category_id`), `deleted` = 0;

-- -----------------------------------------------------------------------------
-- Prompt ↔ Tag
-- -----------------------------------------------------------------------------

INSERT INTO `prompt_tag` (`prompt_id`, `tag_id`) VALUES
(1, 1),
(1, 2),
(2, 2),
(2, 3),
(3, 3),
(3, 4),
(4, 4),
(4, 5),
(5, 5),
(5, 1),
(6, 1),
(6, 2),
(7, 2),
(7, 3),
(8, 3),
(8, 4),
(9, 4),
(9, 5),
(10, 5),
(10, 1),
(11, 1),
(11, 2),
(12, 2),
(12, 3),
(13, 3),
(13, 4),
(14, 4),
(14, 5),
(15, 5),
(15, 1),
(16, 1),
(16, 2),
(17, 2),
(17, 3),
(18, 3),
(18, 4),
(19, 4),
(19, 5),
(20, 5),
(20, 1),
(21, 1),
(21, 2),
(22, 2),
(22, 3),
(23, 3),
(23, 4),
(24, 4),
(24, 5),
(25, 5),
(25, 1),
(26, 1),
(26, 2),
(27, 2),
(27, 3),
(28, 3),
(28, 4),
(29, 4),
(29, 5),
(30, 5),
(30, 1),
(31, 1),
(31, 2),
(32, 2),
(32, 3),
(33, 3),
(33, 4),
(34, 4),
(34, 5),
(35, 5),
(35, 1),
(36, 1),
(36, 2),
(37, 2),
(37, 3),
(38, 3),
(38, 4),
(39, 4),
(39, 5),
(40, 5),
(40, 1),
(41, 1),
(41, 2),
(42, 2),
(42, 3),
(43, 3),
(43, 4),
(44, 4),
(44, 5),
(45, 5),
(45, 1),
(46, 1),
(46, 2),
(47, 2),
(47, 3),
(48, 3),
(48, 4),
(49, 4),
(49, 5),
(50, 5),
(50, 1),
(51, 1),
(51, 2),
(52, 2),
(52, 3),
(53, 3),
(53, 4),
(54, 4),
(54, 5),
(55, 5),
(55, 1),
(56, 1),
(56, 2),
(57, 2),
(57, 3),
(58, 3),
(58, 4),
(59, 4),
(59, 5),
(60, 5),
(60, 1),
(61, 1),
(61, 2),
(62, 2),
(62, 3),
(63, 3),
(63, 4),
(64, 4),
(64, 5),
(65, 5),
(65, 1),
(66, 1),
(66, 2),
(67, 2),
(67, 3),
(68, 3),
(68, 4),
(69, 4),
(69, 5),
(70, 5),
(70, 1),
(71, 1),
(71, 2),
(72, 2),
(72, 3),
(73, 3),
(73, 4),
(74, 4),
(74, 5),
(75, 5),
(75, 1),
(76, 1),
(76, 2),
(77, 2),
(77, 3),
(78, 3),
(78, 4),
(79, 4),
(79, 5),
(80, 5),
(80, 1),
(81, 1),
(81, 2),
(82, 2),
(82, 3),
(83, 3),
(83, 4),
(84, 4),
(84, 5),
(85, 5),
(85, 1),
(86, 1),
(86, 2),
(87, 2),
(87, 3),
(88, 3),
(88, 4),
(89, 4),
(89, 5),
(90, 5),
(90, 1),
(91, 1),
(91, 2),
(92, 2),
(92, 3),
(93, 3),
(93, 4),
(94, 4),
(94, 5),
(95, 5),
(95, 1),
(96, 1),
(96, 2),
(97, 2),
(97, 3),
(98, 3),
(98, 4),
(99, 4),
(99, 5),
(100, 5),
(100, 1)
ON DUPLICATE KEY UPDATE `prompt_id` = VALUES(`prompt_id`), `tag_id` = VALUES(`tag_id`);

ALTER TABLE `prompt` AUTO_INCREMENT = 101;

